path,role,sha256,source_locator,vault_path,status
knowledge/source/00-INDICE-DP.md,source,849d80e859f3b83b741dc39706ba162f162dc2a3f6b4071d68dfb23953a520e9,central:09_DCCEO_AGENTES/knowledge/dp/00-INDICE-DP.md,knowledge/dp/source/2026-08-07/00-INDICE-DP.md,prepared_in_vault_not_configured_externally
knowledge/source/01-REGRAS-DE-USO-E-LIMITES.md,source,ed3321ec7e87ef5749da058957e4c8fdeb86833bbc53b311a80debbf5bd4d499,central:09_DCCEO_AGENTES/knowledge/dp/01-REGRAS-DE-USO-E-LIMITES.md,knowledge/dp/source/2026-08-07/01-REGRAS-DE-USO-E-LIMITES.md,prepared_in_vault_not_configured_externally
knowledge/source/02-ADMISSAO-E-CADASTRO.md,source,4b2128d59313a36dd7db53099f5d2433042aa100cbc8bb7b2707bf91ff9b5bfd,central:09_DCCEO_AGENTES/knowledge/dp/02-ADMISSAO-E-CADASTRO.md,knowledge/dp/source/2026-08-07/02-ADMISSAO-E-CADASTRO.md,prepared_in_vault_not_configured_externally
knowledge/source/02-ESCOPO-E-ROTEAMENTO.md,source,ab0ad687e29e48835657bca9e62e24f986617fcc8b24b78c04b39f467c7cda1e,central:09_DCCEO_AGENTES/knowledge/dp/02-ESCOPO-E-ROTEAMENTO.md,knowledge/dp/source/2026-08-07/02-ESCOPO-E-ROTEAMENTO.md,prepared_in_vault_not_configured_externally
knowledge/source/03-FOLHA-PONTO-BENEFICIOS-E-ROTINA-MENSAL.md,source,86ca7c81a4340db573abf4b24478c44edb7eb18953ca05181e4eaed841210b0d,central:09_DCCEO_AGENTES/knowledge/dp/03-FOLHA-PONTO-BENEFICIOS-E-ROTINA-MENSAL.md,knowledge/dp/source/2026-08-07/03-FOLHA-PONTO-BENEFICIOS-E-ROTINA-MENSAL.md,prepared_in_vault_not_configured_externally
knowledge/source/03-FONTES-CANONICAS.md,source,64eb6b6f76d84ed5a40feda15c0ce5660fda60a94b034cd3cc1a3e3b9ad78eec,central:09_DCCEO_AGENTES/knowledge/dp/03-FONTES-CANONICAS.md,knowledge/dp/source/2026-08-07/03-FONTES-CANONICAS.md,prepared_in_vault_not_configured_externally
knowledge/source/04-FERIAS-AFASTAMENTOS-E-OCORRENCIAS.md,source,48556cb01ce95e720653d23414a15d6fcf5688beb3311329beb187210ff6fb56,central:09_DCCEO_AGENTES/knowledge/dp/04-FERIAS-AFASTAMENTOS-E-OCORRENCIAS.md,knowledge/dp/source/2026-08-07/04-FERIAS-AFASTAMENTOS-E-OCORRENCIAS.md,prepared_in_vault_not_configured_externally
knowledge/source/04-SKILLS-E-CENARIOS-DE-USO.md,source,ac11f04c77f17d670decb3e82fbfcdf76cfd8818e64c44220a2ab919dba1e821,central:09_DCCEO_AGENTES/knowledge/dp/04-SKILLS-E-CENARIOS-DE-USO.md,knowledge/dp/source/2026-08-07/04-SKILLS-E-CENARIOS-DE-USO.md,prepared_in_vault_not_configured_externally
knowledge/source/05-PERGUNTAS-TESTE-E-RESPOSTAS-ESPERADAS.md,source,60dd2b236c7bb848e115148515eab4e9f0a62ecd01ac591cb725dc98025f97ab,central:09_DCCEO_AGENTES/knowledge/dp/05-PERGUNTAS-TESTE-E-RESPOSTAS-ESPERADAS.md,knowledge/dp/source/2026-08-07/05-PERGUNTAS-TESTE-E-RESPOSTAS-ESPERADAS.md,prepared_in_vault_not_configured_externally
knowledge/source/05-RESCISOES.md,source,dd13d3e2d027f99e5498264657143c1f0e994acb8414394de34f084a6a39c4a8,central:09_DCCEO_AGENTES/knowledge/dp/05-RESCISOES.md,knowledge/dp/source/2026-08-07/05-RESCISOES.md,prepared_in_vault_not_configured_externally
knowledge/source/06-ESOCIAL-SST-E-OBRIGACOES.md,source,0a96966a174ce7dc07345412756cc5def2347f7644d08bae1465926e3ec04704,central:09_DCCEO_AGENTES/knowledge/dp/06-ESOCIAL-SST-E-OBRIGACOES.md,knowledge/dp/source/2026-08-07/06-ESOCIAL-SST-E-OBRIGACOES.md,prepared_in_vault_not_configured_externally
knowledge/source/06-GUARDRAILS-E-CLAIMS-BLOQUEADOS.md,source,647874b354fc07993d590bafad375b146f286c970c219525862e1bc85e893ae5,central:09_DCCEO_AGENTES/knowledge/dp/06-GUARDRAILS-E-CLAIMS-BLOQUEADOS.md,knowledge/dp/source/2026-08-07/06-GUARDRAILS-E-CLAIMS-BLOQUEADOS.md,prepared_in_vault_not_configured_externally
knowledge/source/07-FAQ-E-MODELOS-DE-RESPOSTA.md,source,10609ade7978451b301568bb777cd5da6e9a02f360607d968763e32766719286,central:09_DCCEO_AGENTES/knowledge/dp/07-FAQ-E-MODELOS-DE-RESPOSTA.md,knowledge/dp/source/2026-08-07/07-FAQ-E-MODELOS-DE-RESPOSTA.md,prepared_in_vault_not_configured_externally
knowledge/source/07-MODELOS-DE-RESPOSTA-E-CHECKLISTS.md,source,a883325c5c5a3220293e831ac502ac69dd1c22a3b2e75b9b2c832760781e4955,central:09_DCCEO_AGENTES/knowledge/dp/07-MODELOS-DE-RESPOSTA-E-CHECKLISTS.md,knowledge/dp/source/2026-08-07/07-MODELOS-DE-RESPOSTA-E-CHECKLISTS.md,prepared_in_vault_not_configured_externally
knowledge/source/08-LACUNAS-E-ROADMAP.md,source,2e66e867d8e5acf8bba779c7ea5beea9fd1a401208997120f2c34b4468172aff,central:09_DCCEO_AGENTES/knowledge/dp/08-LACUNAS-E-ROADMAP.md,knowledge/dp/source/2026-08-07/08-LACUNAS-E-ROADMAP.md,prepared_in_vault_not_configured_externally
knowledge/source/99-FONTES-LACUNAS-E-CONTROLE-DE-VERSAO.md,source,c921e2e1d3fa134f794cff065ae7631bdace0aef5b44eedad709fa9c6c43838f,central:09_DCCEO_AGENTES/knowledge/dp/99-FONTES-LACUNAS-E-CONTROLE-DE-VERSAO.md,knowledge/dp/source/2026-08-07/99-FONTES-LACUNAS-E-CONTROLE-DE-VERSAO.md,prepared_in_vault_not_configured_externally
knowledge/upload/00-INDICE-DP.md,upload_active,849d80e859f3b83b741dc39706ba162f162dc2a3f6b4071d68dfb23953a520e9,central:09_DCCEO_AGENTES/knowledge/dp/00-INDICE-DP.md,knowledge/dp/upload-active/2026-08-07/00-INDICE-DP.md,prepared_in_vault_not_configured_externally
knowledge/upload/01-REGRAS-DE-USO-E-LIMITES.md,upload_active,ed3321ec7e87ef5749da058957e4c8fdeb86833bbc53b311a80debbf5bd4d499,central:09_DCCEO_AGENTES/knowledge/dp/01-REGRAS-DE-USO-E-LIMITES.md,knowledge/dp/upload-active/2026-08-07/01-REGRAS-DE-USO-E-LIMITES.md,prepared_in_vault_not_configured_externally
knowledge/upload/02-ADMISSAO-E-CADASTRO.md,upload_active,4b2128d59313a36dd7db53099f5d2433042aa100cbc8bb7b2707bf91ff9b5bfd,central:09_DCCEO_AGENTES/knowledge/dp/02-ADMISSAO-E-CADASTRO.md,knowledge/dp/upload-active/2026-08-07/02-ADMISSAO-E-CADASTRO.md,prepared_in_vault_not_configured_externally
knowledge/upload/02-ESCOPO-E-ROTEAMENTO.md,upload_active,ab0ad687e29e48835657bca9e62e24f986617fcc8b24b78c04b39f467c7cda1e,central:09_DCCEO_AGENTES/knowledge/dp/02-ESCOPO-E-ROTEAMENTO.md,knowledge/dp/upload-active/2026-08-07/02-ESCOPO-E-ROTEAMENTO.md,prepared_in_vault_not_configured_externally
knowledge/upload/03-FOLHA-PONTO-BENEFICIOS-E-ROTINA-MENSAL.md,upload_active,86ca7c81a4340db573abf4b24478c44edb7eb18953ca05181e4eaed841210b0d,central:09_DCCEO_AGENTES/knowledge/dp/03-FOLHA-PONTO-BENEFICIOS-E-ROTINA-MENSAL.md,knowledge/dp/upload-active/2026-08-07/03-FOLHA-PONTO-BENEFICIOS-E-ROTINA-MENSAL.md,prepared_in_vault_not_configured_externally
knowledge/upload/03-FONTES-CANONICAS.md,upload_active,64eb6b6f76d84ed5a40feda15c0ce5660fda60a94b034cd3cc1a3e3b9ad78eec,central:09_DCCEO_AGENTES/knowledge/dp/03-FONTES-CANONICAS.md,knowledge/dp/upload-active/2026-08-07/03-FONTES-CANONICAS.md,prepared_in_vault_not_configured_externally
knowledge/upload/04-FERIAS-AFASTAMENTOS-E-OCORRENCIAS.md,upload_active,48556cb01ce95e720653d23414a15d6fcf5688beb3311329beb187210ff6fb56,central:09_DCCEO_AGENTES/knowledge/dp/04-FERIAS-AFASTAMENTOS-E-OCORRENCIAS.md,knowledge/dp/upload-active/2026-08-07/04-FERIAS-AFASTAMENTOS-E-OCORRENCIAS.md,prepared_in_vault_not_configured_externally
knowledge/upload/04-SKILLS-E-CENARIOS-DE-USO.md,upload_active,ac11f04c77f17d670decb3e82fbfcdf76cfd8818e64c44220a2ab919dba1e821,central:09_DCCEO_AGENTES/knowledge/dp/04-SKILLS-E-CENARIOS-DE-USO.md,knowledge/dp/upload-active/2026-08-07/04-SKILLS-E-CENARIOS-DE-USO.md,prepared_in_vault_not_configured_externally
knowledge/upload/05-PERGUNTAS-TESTE-E-RESPOSTAS-ESPERADAS.md,upload_active,60dd2b236c7bb848e115148515eab4e9f0a62ecd01ac591cb725dc98025f97ab,central:09_DCCEO_AGENTES/knowledge/dp/05-PERGUNTAS-TESTE-E-RESPOSTAS-ESPERADAS.md,knowledge/dp/upload-active/2026-08-07/05-PERGUNTAS-TESTE-E-RESPOSTAS-ESPERADAS.md,prepared_in_vault_not_configured_externally
knowledge/upload/05-RESCISOES.md,upload_active,dd13d3e2d027f99e5498264657143c1f0e994acb8414394de34f084a6a39c4a8,central:09_DCCEO_AGENTES/knowledge/dp/05-RESCISOES.md,knowledge/dp/upload-active/2026-08-07/05-RESCISOES.md,prepared_in_vault_not_configured_externally
knowledge/upload/06-ESOCIAL-SST-E-OBRIGACOES.md,upload_active,0a96966a174ce7dc07345412756cc5def2347f7644d08bae1465926e3ec04704,central:09_DCCEO_AGENTES/knowledge/dp/06-ESOCIAL-SST-E-OBRIGACOES.md,knowledge/dp/upload-active/2026-08-07/06-ESOCIAL-SST-E-OBRIGACOES.md,prepared_in_vault_not_configured_externally
knowledge/upload/06-GUARDRAILS-E-CLAIMS-BLOQUEADOS.md,upload_active,647874b354fc07993d590bafad375b146f286c970c219525862e1bc85e893ae5,central:09_DCCEO_AGENTES/knowledge/dp/06-GUARDRAILS-E-CLAIMS-BLOQUEADOS.md,knowledge/dp/upload-active/2026-08-07/06-GUARDRAILS-E-CLAIMS-BLOQUEADOS.md,prepared_in_vault_not_configured_externally
knowledge/upload/07-FAQ-E-MODELOS-DE-RESPOSTA.md,upload_active,10609ade7978451b301568bb777cd5da6e9a02f360607d968763e32766719286,central:09_DCCEO_AGENTES/knowledge/dp/07-FAQ-E-MODELOS-DE-RESPOSTA.md,knowledge/dp/upload-active/2026-08-07/07-FAQ-E-MODELOS-DE-RESPOSTA.md,prepared_in_vault_not_configured_externally
knowledge/upload/07-MODELOS-DE-RESPOSTA-E-CHECKLISTS.md,upload_active,a883325c5c5a3220293e831ac502ac69dd1c22a3b2e75b9b2c832760781e4955,central:09_DCCEO_AGENTES/knowledge/dp/07-MODELOS-DE-RESPOSTA-E-CHECKLISTS.md,knowledge/dp/upload-active/2026-08-07/07-MODELOS-DE-RESPOSTA-E-CHECKLISTS.md,prepared_in_vault_not_configured_externally
knowledge/upload/08-LACUNAS-E-ROADMAP.md,upload_active,2e66e867d8e5acf8bba779c7ea5beea9fd1a401208997120f2c34b4468172aff,central:09_DCCEO_AGENTES/knowledge/dp/08-LACUNAS-E-ROADMAP.md,knowledge/dp/upload-active/2026-08-07/08-LACUNAS-E-ROADMAP.md,prepared_in_vault_not_configured_externally
knowledge/upload/99-FONTES-LACUNAS-E-CONTROLE-DE-VERSAO.md,upload_active,c921e2e1d3fa134f794cff065ae7631bdace0aef5b44eedad709fa9c6c43838f,central:09_DCCEO_AGENTES/knowledge/dp/99-FONTES-LACUNAS-E-CONTROLE-DE-VERSAO.md,knowledge/dp/upload-active/2026-08-07/99-FONTES-LACUNAS-E-CONTROLE-DE-VERSAO.md,prepared_in_vault_not_configured_externally
